{
    "blockWorkEMA": 48355174.40728893,
    "header": {
        "difficulty": 2.2404087141048024e-8,
        "merkleRoot": [
            179,
            214,
            237,
            125,
            54,
            200,
            126,
            160,
            146,
            50,
            90,
            251,
            151,
            189,
            120,
            239,
            192,
            8,
            217,
            178,
            242,
            157,
            55,
            0,
            103,
            75,
            72,
            134,
            211,
            240,
            168,
            174
        ],
        "stateRoot": [
            202,
            69,
            158,
            107,
            102,
            235,
            159,
            245,
            39,
            221,
            20,
            207,
            134,
            180,
            208,
            199,
            131,
            45,
            190,
            90,
            112,
            243,
            240,
            108,
            135,
            97,
            169,
            165,
            102,
            78,
            15,
            252
        ],
        "timeStamp": 1547727752460
    },
    "height": 600000,
    "nextBlockDifficulty": 0.12959191759316668,
    "nextDifficulty": 0.12959191759316668,
    "pEMA": 8.003922258341555,
    "tEMA": 24040.11767294863,
    "totalWork": 191213460694849.62
}