{
    "blockWorkEMA": 48355174.40728893,
    "header": {
        "difficulty": 2.2404087141048024e-8,
        "merkleRoot": {
            "0": 179,
            "1": 214,
            "2": 237,
            "3": 125,
            "4": 54,
            "5": 200,
            "6": 126,
            "7": 160,
            "8": 146,
            "9": 50,
            "10": 90,
            "11": 251,
            "12": 151,
            "13": 189,
            "14": 120,
            "15": 239,
            "16": 192,
            "17": 8,
            "18": 217,
            "19": 178,
            "20": 242,
            "21": 157,
            "22": 55,
            "23": 0,
            "24": 103,
            "25": 75,
            "26": 72,
            "27": 134,
            "28": 211,
            "29": 240,
            "30": 168,
            "31": 174
        },
        "stateRoot": {
            "0": 202,
            "1": 69,
            "2": 158,
            "3": 107,
            "4": 102,
            "5": 235,
            "6": 159,
            "7": 245,
            "8": 39,
            "9": 221,
            "10": 20,
            "11": 207,
            "12": 134,
            "13": 180,
            "14": 208,
            "15": 199,
            "16": 131,
            "17": 45,
            "18": 190,
            "19": 90,
            "20": 112,
            "21": 243,
            "22": 240,
            "23": 108,
            "24": 135,
            "25": 97,
            "26": 169,
            "27": 165,
            "28": 102,
            "29": 78,
            "30": 15,
            "31": 252
        },
        "timeStamp": 1547727752460
    },
    "height": 600000,
    "nextBlockDifficulty": 0.12959191759316668,
    "nextDifficulty": 0.12959191759316668,
    "pEMA": 8.003922258341555,
    "tEMA": 24040.11767294863,
    "totalWork": 191213460694849.62
}